First Name,Last Name,World Rank,Odds,Current_Standing,Picture_URL
Brooks,Koepka,6,10/1,0,BrooksKoepka.png
Justin,Thomas,1,11/1,0,JustinThomas.png
Jon,Rahm,2,14/1,0,JonRahm.png
Rory,McIlroy,3,14/1,0,RoryMcIlroy.png
Bryson,Dechambeau,7,16/1,0,BrysonDechambeau.png
Dustin,Johnson,5,20/1,0,DustinJohnson.png
Xander,Schauffele,11,20/1,0,XanderSchauffele.png
Webb,Simpson,4,25/1,0,WebbSimpson.png
Patrick,Cantlay,10,30/1,0,PatrickCantlay.png
Collin,Morikawa,12,33/1,0,CollinMorikawa.png
Tiger,Woods,15,33/1,0,TigerWoods.png
Daniel,Berger,20,35/1,0,DanielBerger.png
Rickie,Fowler,32,35/1,0,RickieFowler.png
Hideki,Matsuyama,27,40/1,0,HidekiMatsuyama.png
Jason,Day,42,40/1,0,JasonDay.png
Tony,Finau,17,40/1,0,TonyFinau.png
Matthew,Fitzpatrick,18,42/1,0,MatthewFitzpatrick.png
Gary,Woodland,21,45/1,0,GaryWoodland.png
Jordan,Spieth,62,45/1,0,JordanSpieth.png
Patrick,Reed,8,45/1,0,PatrickReed.png
Tommy,Fleetwood,13,45/1,0,TommyFleetwood.png
Viktor,Hovland,31,45/1,0,ViktorHovland.png
Tyrrell,Hatton,14,50/1,0,TyrrellHatton.png
Adam,Scott,9,55/1,0,AdamScott.png
Abraham,Ancer,23,60/1,0,AbrahamAncer.png
Justin,Rose,16,65/1,0,JustinRose.png
Shane,Lowry,26,70/1,0,ShaneLowry.png
Louis,Oosthuizen,24,75/1,0,LouisOosthuizen.png
Marc,Leishman,19,75/1,0,MarcLeishman.png
Sungjae,Im,25,80/1,0,SungjaeIm.png
Brendon,Todd,48,85/1,0,BrendonTodd.png
Phil,Mickelson,49,85/1,0,PhilMickelson.png
Sergio,Garcia,41,85/1,0,SergioGarcia.png
Matt,Kuchar,22,90/1,0,MattKuchar.png
Bubba,Watson,63,100/1,0,BubbaWatson.png
Chez,Reavie,36,100/1,0,ChezReavie.png
Danny,Willett,38,100/1,0,DannyWillett.png
Matthew,Wolff,53,100/1,0,MatthewWolff.png
Paul,Casey,28,100/1,0,PaulCasey.png
Billy,Horschel,40,110/1,0,BillyHorschel.png
Scottie,Scheffler,59,110/1,0,ScottieScheffler.png
Henrik,Stenson,33,120/1,0,HenrikStenson.png
Joaquin,Niemann,68,120/1,0,JoaquinNiemann.png
Byeong,Hun An,56,130/1,0,ByeongHunAn.png
Max,Homa,70,130/1,0,MaxHoma.png
Cameron,Champ,76,150/1,0,CameronChamp.png
Richy,Werenski,127,170/1,0,RichyWerenski.png
Matt,Wallace,43,180/1,0,MattWallace.png
Tom,Lewis,46,180/1,0,TomLewis.png
Adam,Hadwin,60,200/1,0,AdamHadwin.png
Bernd,Wiesberger,29,200/1,0,BerndWiesberger.png
Brandt,Snedeker,64,200/1,0,BrandtSnedeker.png
Charl,Schwartzel,187,200/1,0,CharlSchwartzel.png
Corey,Conners,65,200/1,0,CoreyConners.png
Erik,van Rooyen,44,200/1,0,ErikvanRooyen.png
Harris,English,123,200/1,0,HarrisEnglish.png
Ian,Poulter,57,200/1,0,IanPoulter.png
Jason,Kokrak,67,200/1,0,JasonKokrak.png
Kevin,Kisner,34,200/1,0,KevinKisner.png
Kevin,Streelman,45,200/1,0,KevinStreelman.png
Lucas,Glover,80,200/1,0,LucasGlover.png
Luke,List,122,200/1,0,LukeList.png
Rory,Sabbatini,89,200/1,0,RorySabbatini.png
Ryan,Palmer,35,200/1,0,RyanPalmer.png
Joel,Dahmen,69,210/1,0,JoelDahmen.png
Martin,Kaymer,128,210/1,0,MartinKaymer.png
Matthias,Schwab,79,210/1,0,MatthiasSchwab.png
Emiliano,Grillo,132,240/1,0,EmilianoGrillo.png
Brian,Harman,138,250/1,0,BrianHarman.png
Cameron,Smith,51,250/1,0,CameronSmith.png
Christiaan,Bezuidenhout,47,250/1,0,ChristiaanBezuidenhout.png
J.T.,Poston,66,250/1,0,JTPoston.png
Jazz,Janewattananond,52,250/1,0,JazzJanewattananond.png
Jim,Furyk,94,250/1,0,JimFuryk.png
Joost,Luiten,101,250/1,0,JoostLuiten.png
Keegan,Bradley,75,250/1,0,KeeganBradley.png
Keith,Mitchell,106,250/1,0,KeithMitchell.png
Kevin,Na,30,250/1,0,KevinNa.png
Michael,Thompson,99,250/1,0,MichaelThompson.png
Rafa,Cabrera Bello,58,250/1,0,RafaCabreraBello.png
Robert,MacIntyre,81,250/1,0,RobertMacIntyre.png
Sunghoon,Kang,61,250/1,0,SunghoonKang.png
Dylan,Frittelli,102,260/1,0,DylanFrittelli.png
Adam,Long,73,270/1,0,AdamLong.png
Mackenzie,Hughes,74,290/1,0,MackenzieHughes.png
Russell,Henley,181,290/1,0,RussellHenley.png
Troy,Merritt,119,290/1,0,TroyMerritt.png
Andrew,Landry,113,320/1,0,AndrewLandry.png
Bud,Cauley,135,320/1,0,BudCauley.png
Lanto,Griffin,86,340/1,0,LantoGriffin.png
Andrew,Putnam,92,350/1,0,AndrewPutnam.png
Graeme,McDowell,55,350/1,0,GraemeMcDowell.png
Haotong,Li,114,350/1,0,HaotongLi.png
Ryan,Moore,110,350/1,0,RyanMoore.png
Scott,Piercy,115,350/1,0,ScottPiercy.png
Sepp,Straka,146,350/1,0,SeppStraka.png
Siwoo,Kim,133,350/1,0,SiwooKim.png
Talor,Gooch,144,350/1,0,TalorGooch.png
Zach,Johnson,210,350/1,0,ZachJohnson.png
Cameron,Tringale,176,400/1,0,CameronTringale.png
Doc,Redman,131,400/1,0,DocRedman.png
Harold,Varner III,125,400/1,0,HaroldVarnerIII.png
Jason,Dufner,277,400/1,0,JasonDufner.png
Jimmy,Walker,325,400/1,0,JimmyWalker.png
Joohyung,Kim,95,400/1,0,JoohyungKim.png
Kurt,Kitayama,85,400/1,0,KurtKitayama.png
Marcus,Kinhult,108,400/1,0,MarcusKinhult.png
Victor,Perez,50,400/1,0,VictorPerez.png
Brian,Stuard,140,420/1,0,BrianStuard.png
Denny,McCarthy,195,420/1,0,DennyMcCarthy.png
Benjamin,Hebert,109,440/1,0,BenjaminHebert.png
C.T.,Pan,116,500/1,0,CTPan.png
Carlos,Ortiz,136,500/1,0,CarlosOrtiz.png
Danny,Lee,103,500/1,0,DannyLee.png
Jorge,Campillo,96,500/1,0,JorgeCampillo.png
Mark,Hubbard,142,500/1,0,MarkHubbard.png
Mike,Lorenzo-Vera,82,500/1,0,MikeLorenzoVera.png
Nick,Taylor,100,500/1,0,NickTaylor.png
Juan Sebastian,Munoz,98,500/1,0,JuanSebastianMunoz.png
Tom,Hoge,137,500/1,0,TomHoge.png
Tyler,Duncan,167,500/1,0,TylerDuncan.png
Vaughn,Taylor,117,500/1,0,VaughnTaylor.png
Chan,Kim,83,600/1,0,ChanKim.png
Lucas,Herbert,72,600/1,0,LucasHerbert.png
Matt,Jones,88,600/1,0,MattJones.jpeg
Nate,Lashley,93,600/1,0,NateLashley.png
Ryo,Ishikawa,97,600/1,0,RyoIshikawa.png
Shaun,Norris,71,600/1,0,ShaunNorris.png
Steve,Stricker,515,600/1,0,SteveStricker.png
Zach,J Johnson,5752,1000/1,0,ZachJJohnson.png
Rich,"Berberian, Jr.",6128,1000/1,0,RichBerberianJr.png
Alexander,Beach,7232,1000/1,0,AlexanderBeach.png
Alex,Knoll,#N/A,1000/1,0,AlexKnoll.png
Benjamin,Cook,7556,1000/1,0,BenjaminCook.png
Bob,Sowards,2712,1000/1,0,BobSowards.png
Daniel,Balin,3414,1000/1,0,DanielBalin.png
David,Muttitt,5773,1000/1,0,DavidMuttitt.png
Davis,Love III,900,1000/1,0,DavisLoveIII.png
J.R.,Roth,#N/A,1000/1,0,JRRoth.png
Jason,Caron,2332,1000/1,0,JasonCaron.png
Jeff,Hart,#N/A,1000/1,0,JeffHart.png
Jim,Herman,320,1000/1,0,JimHerman.png
John,O'Leary,3221,1000/1,0,JohnOLeary.png
Judd,Gibb,#N/A,1000/1,0,JuddGibb.png
Justin,Bertsch,8202,1000/1,0,JustinBertsch.png
Ken,Tanigawa,#N/A,1000/1,0,KenTanigawa.png
Marty,Jertson,1654,1000/1,0,MartyJertson.png
Mike,Auterson,#N/A,1000/1,0,MikeAuterson.png
Rich,Beem,1655,1000/1,0,RichBeem.png
Rob,Labritz,1657,1000/1,0,RobLabritz.png
Rod,Perry,2702,1000/1,0,RodPerry.png
Ryan,Vermeer,1656,1000/1,0,RyanVermeer.png
Shaun,Micheel,2413,1000/1,0,ShaunMicheel.png
Shawn,Warren,3123,1000/1,0,ShawnWarren.png